YEAR,day_of_year,count
2015,06-15,146
2015,06-16,131
2015,06-17,141
2015,06-18,146
2015,06-19,171
2015,06-20,154
2015,06-21,110
2015,06-22,147
2015,06-23,162
2015,06-24,149
2015,06-25,175
2015,06-26,178
2015,06-27,184
2015,06-28,132
2015,06-29,145
2015,06-30,154
2015,07-01,169
2015,07-02,161
2015,07-03,156
2015,07-04,154
2015,07-05,148
2015,07-06,161
2015,07-07,153
2015,07-08,159
2015,07-09,137
2015,07-10,192
2015,07-11,146
2015,07-12,172
2015,07-13,151
2015,07-14,144
2015,07-15,171
2015,07-16,154
2015,07-17,172
2015,07-18,149
2015,07-19,153
2015,07-20,135
2015,07-21,150
2015,07-22,141
2015,07-23,175
2015,07-24,172
2015,07-25,168
2015,07-26,115
2015,07-27,172
2015,07-28,154
2015,07-29,142
2015,07-30,136
2015,07-31,170
2015,08-01,156
2015,08-02,157
2015,08-03,163
2015,08-04,166
2015,08-05,161
2015,08-06,170
2015,08-07,166
2015,08-08,159
2015,08-09,132
2015,08-10,146
2015,08-11,143
2015,08-12,148
2015,08-13,165
2015,08-14,173
2015,08-15,147
2015,08-16,124
2015,08-17,170
2015,08-18,176
2015,08-19,142
2015,08-20,159
2015,08-21,138
2015,08-22,160
2015,08-23,126
2015,08-24,150
2015,08-25,156
2015,08-26,161
2015,08-27,128
2015,08-28,157
2015,08-29,166
2015,08-30,150
2015,08-31,159
2015,09-01,157
2015,09-02,163
2015,09-03,164
2015,09-04,156
2015,09-05,145
2015,09-06,141
2015,09-07,136
2015,09-08,153
2015,09-09,153
2015,09-10,166
2015,09-11,158
2015,09-12,146
2015,09-13,138
2015,09-14,119
2015,09-15,147
2015,09-16,142
2015,09-17,152
2015,09-18,177
2015,09-19,196
2015,09-20,172
2015,09-21,163
2015,09-22,147
2015,09-23,158
2015,09-24,161
2015,09-25,173
2015,09-26,170
2015,09-27,145
2015,09-28,165
2015,09-29,136
2015,09-30,126
2015,10-01,134
2015,10-02,157
2015,10-03,144
2015,10-04,132
2015,10-05,140
2015,10-06,135
2015,10-07,167
2015,10-08,138
2015,10-09,161
2015,10-10,141
2015,10-11,155
2015,10-12,120
2015,10-13,153
2015,10-14,161
2015,10-15,162
2015,10-16,168
2015,10-17,149
2015,10-18,116
2015,10-19,111
2015,10-20,139
2015,10-21,165
2015,10-22,154
2015,10-23,177
2015,10-24,134
2015,10-25,127
2015,10-26,125
2015,10-27,142
2015,10-28,123
2015,10-29,125
2015,10-30,160
2015,10-31,165
2015,11-01,207
2015,11-02,154
2015,11-03,173
2015,11-04,160
2015,11-05,144
2015,11-06,152
2015,11-07,156
2015,11-08,141
2015,11-09,162
2015,11-10,125
2015,11-11,109
2015,11-12,173
2015,11-13,134
2015,11-14,142
2015,11-15,139
2015,11-16,125
2015,11-17,141
2015,11-18,121
2015,11-19,163
2015,11-20,172
2015,11-21,140
2015,11-22,120
2015,11-23,146
2015,11-24,105
2015,11-25,169
2015,11-26,126
2015,11-27,133
2015,11-28,148
2015,11-29,105
2015,11-30,120
2015,12-01,145
2015,12-02,148
2015,12-03,125
2015,12-04,159
2015,12-05,131
2015,12-06,146
2015,12-07,162
2015,12-08,145
2015,12-09,155
2015,12-10,142
2015,12-11,135
2015,12-12,166
2015,12-13,114
2015,12-14,139
2015,12-15,154
2015,12-16,134
2015,12-17,159
2015,12-18,184
2015,12-19,119
2015,12-20,141
2015,12-21,182
2015,12-22,152
2015,12-23,142
2015,12-24,137
2015,12-25,88
2015,12-26,113
2015,12-27,123
2015,12-28,127
2015,12-29,121
2015,12-30,121
2015,12-31,152
2016,01-01,219
2016,01-02,165
2016,01-03,109
2016,01-04,130
2016,01-05,122
2016,01-06,142
2016,01-07,159
2016,01-08,168
2016,01-09,114
2016,01-10,117
2016,01-11,133
2016,01-12,123
2016,01-13,118
2016,01-14,148
2016,01-15,169
2016,01-16,133
2016,01-17,102
2016,01-18,112
2016,01-19,112
2016,01-20,129
2016,01-21,133
2016,01-22,145
2016,01-23,133
2016,01-24,97
2016,01-25,128
2016,01-26,140
2016,01-27,127
2016,01-28,150
2016,01-29,170
2016,01-30,147
2016,01-31,142
2016,02-01,181
2016,02-02,169
2016,02-03,125
2016,02-04,136
2016,02-05,109
2016,02-06,122
2016,02-07,114
2016,02-08,92
2016,02-09,124
2016,02-10,123
2016,02-11,115
2016,02-12,140
2016,02-13,97
2016,02-14,107
2016,02-15,142
2016,02-16,152
2016,02-17,136
2016,02-18,115
2016,02-19,147
2016,02-20,155
2016,02-21,136
2016,02-22,121
2016,02-23,132
2016,02-24,116
2016,02-25,167
2016,02-26,134
2016,02-27,157
2016,02-28,116
2016,02-29,155
2016,03-01,153
2016,03-02,103
2016,03-03,115
2016,03-04,123
2016,03-05,98
2016,03-06,102
2016,03-07,116
2016,03-08,136
2016,03-09,145
2016,03-10,139
2016,03-11,135
2016,03-12,153
2016,03-13,162
2016,03-14,149
2016,03-15,140
2016,03-16,143
2016,03-17,148
2016,03-18,161
2016,03-19,144
2016,03-20,211
2016,03-21,135
2016,03-22,158
2016,03-23,128
2016,03-24,135
2016,03-25,121
2016,03-26,151
2016,03-27,115
2016,03-28,133
2016,03-29,152
2016,03-30,154
2016,03-31,186
2016,04-01,183
2016,04-02,156
2016,04-03,137
2016,04-04,121
2016,04-05,126
2016,04-06,144
2016,04-07,168
2016,04-08,142
2016,04-09,134
2016,04-10,138
2016,04-11,171
2016,04-12,141
2016,04-13,161
2016,04-14,143
2016,04-15,157
2016,04-16,140
2016,04-17,150
2016,04-18,172
2016,04-19,140
2016,04-20,161
2016,04-21,141
2016,04-22,132
2016,04-23,160
2016,04-24,179
2016,04-25,161
2016,04-26,161
2016,04-27,149
2016,04-28,120
2016,04-29,161
2016,04-30,124
2016,05-01,168
2016,05-02,157
2016,05-03,118
2016,05-04,123
2016,05-05,150
2016,05-06,165
2016,05-07,123
2016,05-08,122
2016,05-09,140
2016,05-10,155
2016,05-11,170
2016,05-12,154
2016,05-13,137
2016,05-14,137
2016,05-15,153
2016,05-16,152
2016,05-17,144
2016,05-18,149
2016,05-19,131
2016,05-20,144
2016,05-21,159
2016,05-22,155
2016,05-23,153
2016,05-24,161
2016,05-25,154
2016,05-26,169
2016,05-27,152
2016,05-28,135
2016,05-29,145
2016,05-30,142
2016,05-31,174
2016,06-01,167
2016,06-02,163
2016,06-03,185
2016,06-04,162
2016,06-05,144
2016,06-06,150
2016,06-07,180
2016,06-08,147
2016,06-09,140
2016,06-10,158
2016,06-11,145
2016,06-12,140
2016,06-13,178
2016,06-14,175
2016,06-15,160
2016,06-16,187
2016,06-17,158
2016,06-18,134
2016,06-19,134
2016,06-20,164
2016,06-21,124
2016,06-22,155
2016,06-23,168
2016,06-24,166
2016,06-25,150
2016,06-26,157
2016,06-27,139
2016,06-28,152
2016,06-29,159
2016,06-30,145
2016,07-01,164
2016,07-02,139
2016,07-03,121
2016,07-04,168
2016,07-05,164
2016,07-06,169
2016,07-07,149
2016,07-08,163
2016,07-09,144
2016,07-10,157
2016,07-11,174
2016,07-12,142
2016,07-13,156
2016,07-14,153
2016,07-15,154
2016,07-16,168
2016,07-17,157
2016,07-18,147
2016,07-19,138
2016,07-20,153
2016,07-21,156
2016,07-22,145
2016,07-23,188
2016,07-24,142
2016,07-25,167
2016,07-26,156
2016,07-27,182
2016,07-28,162
2016,07-29,155
2016,07-30,147
2016,07-31,155
2016,08-01,180
2016,08-02,140
2016,08-03,141
2016,08-04,137
2016,08-05,139
2016,08-06,148
2016,08-07,150
2016,08-08,161
2016,08-09,173
2016,08-10,191
2016,08-11,168
2016,08-12,148
2016,08-13,151
2016,08-14,168
2016,08-15,203
2016,08-16,167
2016,08-17,155
2016,08-18,151
2016,08-19,150
2016,08-20,166
2016,08-21,152
2016,08-22,163
2016,08-23,159
2016,08-24,166
2016,08-25,138
2016,08-26,168
2016,08-27,151
2016,08-28,156
2016,08-29,166
2016,08-30,163
2016,08-31,157
2016,09-01,188
2016,09-02,166
2016,09-03,137
2016,09-04,146
2016,09-05,149
2016,09-06,116
2016,09-07,122
2016,09-08,125
2016,09-09,138
2016,09-10,159
2016,09-11,137
2016,09-12,151
2016,09-13,157
2016,09-14,156
2016,09-15,145
2016,09-16,197
2016,09-17,153
2016,09-18,169
2016,09-19,159
2016,09-20,148
2016,09-21,148
2016,09-22,152
2016,09-23,172
2016,09-24,179
2016,09-25,169
2016,09-26,170
2016,09-27,158
2016,09-28,145
2016,09-29,143
2016,09-30,147
2016,10-01,196
2016,10-02,141
2016,10-03,128
2016,10-04,139
2016,10-05,145
2016,10-06,138
2016,10-07,142
2016,10-08,203
2016,10-09,137
2016,10-10,138
2016,10-11,157
2016,10-12,143
2016,10-13,138
2016,10-14,164
2016,10-15,167
2016,10-16,129
2016,10-17,162
2016,10-18,161
2016,10-19,160
2016,10-20,154
2016,10-21,156
2016,10-22,145
2016,10-23,138
2016,10-24,172
2016,10-25,146
2016,10-26,157
2016,10-27,139
2016,10-28,135
2016,10-29,153
2016,10-30,119
2016,10-31,174
2016,11-01,208
2016,11-02,158
2016,11-03,128
2016,11-04,150
2016,11-05,148
2016,11-06,136
2016,11-07,127
2016,11-08,130
2016,11-09,134
2016,11-10,145
2016,11-11,181
2016,11-12,161
2016,11-13,116
2016,11-14,121
2016,11-15,139
2016,11-16,161
2016,11-17,166
2016,11-18,144
2016,11-19,136
2016,11-20,152
2016,11-21,140
2016,11-22,127
2016,11-23,152
2016,11-24,86
2016,11-25,134
2016,11-26,138
2016,11-27,118
2016,11-28,145
2016,11-29,136
2016,11-30,150
2016,12-01,190
2016,12-02,140
2016,12-03,128
2016,12-04,161
2016,12-05,136
2016,12-06,150
2016,12-07,164
2016,12-08,158
2016,12-09,135
2016,12-10,132
2016,12-11,135
2016,12-12,130
2016,12-13,125
2016,12-14,135
2016,12-15,117
2016,12-16,128
2016,12-17,133
2016,12-18,150
2016,12-19,143
2016,12-20,144
2016,12-21,144
2016,12-22,172
2016,12-23,146
2016,12-24,111
2016,12-25,77
2016,12-26,112
2016,12-27,119
2016,12-28,141
2016,12-29,132
2016,12-30,116
2016,12-31,145
2017,01-01,184
2017,01-02,121
2017,01-03,121
2017,01-04,156
2017,01-05,132
2017,01-06,145
2017,01-07,121
2017,01-08,95
2017,01-09,127
2017,01-10,141
2017,01-11,139
2017,01-12,148
2017,01-13,144
2017,01-14,159
2017,01-15,132
2017,01-16,125
2017,01-17,157
2017,01-18,135
2017,01-19,133
2017,01-20,161
2017,01-21,183
2017,01-22,141
2017,01-23,153
2017,01-24,154
2017,01-25,150
2017,01-26,154
2017,01-27,162
2017,01-28,180
2017,01-29,135
2017,01-30,137
2017,01-31,113
2017,02-01,159
2017,02-02,134
2017,02-03,110
2017,02-04,145
2017,02-05,123
2017,02-06,117
2017,02-07,154
2017,02-08,149
2017,02-09,88
2017,02-10,142
2017,02-11,137
2017,02-12,112
2017,02-13,143
2017,02-14,167
2017,02-15,163
2017,02-16,163
2017,02-17,157
2017,02-18,145
2017,02-19,140
2017,02-20,132
2017,02-21,126
2017,02-22,144
2017,02-23,131
2017,02-24,207
2017,02-25,157
2017,02-26,125
2017,02-27,160
2017,02-28,166
2017,03-01,155
2017,03-02,151
2017,03-03,132
2017,03-04,112
2017,03-05,112
2017,03-06,116
2017,03-07,131
2017,03-08,152
2017,03-09,125
2017,03-10,130
2017,03-11,117
2017,03-12,120
2017,03-13,131
2017,03-14,81
2017,03-15,94
2017,03-16,132
2017,03-17,161
2017,03-18,139
2017,03-19,126
2017,03-20,164
2017,03-21,156
2017,03-22,131
2017,03-23,137
2017,03-24,123
2017,03-25,125
2017,03-26,128
2017,03-27,130
2017,03-28,121
2017,03-29,134
2017,03-30,148
2017,03-31,143
2017,04-01,165
2017,04-02,145
2017,04-03,142
2017,04-04,120
2017,04-05,136
2017,04-06,129
2017,04-07,160
2017,04-08,127
2017,04-09,123
2017,04-10,158
2017,04-11,162
2017,04-12,149
2017,04-13,169
2017,04-14,117
2017,04-15,137
2017,04-16,136
2017,04-17,153
2017,04-18,146
2017,04-19,149
2017,04-20,127
2017,04-21,133
2017,04-22,132
2017,04-23,170
2017,04-24,153
2017,04-25,130
2017,04-26,143
2017,04-27,157
2017,04-28,159
2017,04-29,160
2017,04-30,138
2017,05-01,179
2017,05-02,149
2017,05-03,137
2017,05-04,153
2017,05-05,175
2017,05-06,152
2017,05-07,146
2017,05-08,126
2017,05-09,149
2017,05-10,124
2017,05-11,127
2017,05-12,151
2017,05-13,163
2017,05-14,112
2017,05-15,134
2017,05-16,198
2017,05-17,172
2017,05-18,152
2017,05-19,165
2017,05-20,169
2017,05-21,149
2017,05-22,127
2017,05-23,133
2017,05-24,166
2017,05-25,135
2017,05-26,161
2017,05-27,136
2017,05-28,136
2017,05-29,141
2017,05-30,146
2017,05-31,147
2017,06-01,199
2017,06-02,168
2017,06-03,166
2017,06-04,138
2017,06-05,145
2017,06-06,126
2017,06-07,162
2017,06-08,177
2017,06-09,139
2017,06-10,155
2017,06-11,166
2017,06-12,147
2017,06-13,170
2017,06-14,149
2017,06-15,156
2017,06-16,188
2017,06-17,130
2017,06-18,144
2017,06-19,170
2017,06-20,159
2017,06-21,170
2017,06-22,150
2017,06-23,168
2017,06-24,152
2017,06-25,188
2017,06-26,176
2017,06-27,166
2017,06-28,189
2017,06-29,157
2017,06-30,126
2017,07-01,210
2017,07-02,147
2017,07-03,178
2017,07-04,161
2017,07-05,184
2017,07-06,182
2017,07-07,136
2017,07-08,160
2017,07-09,148
2017,07-10,177
2017,07-11,152
2017,07-12,149
2017,07-13,138
2017,07-14,174
2017,07-15,155
2017,07-16,168
2017,07-17,178
2017,07-18,178
2017,07-19,150
2017,07-20,147
2017,07-21,151
2017,07-22,174
2017,07-23,120
2017,07-24,120
2017,07-25,162
2017,07-26,165
2017,07-27,172
2017,07-28,142
2017,07-29,170
2017,07-30,145
2017,07-31,189
2017,08-01,213
2017,08-02,130
2017,08-03,169
2017,08-04,198
2017,08-05,155
2017,08-06,148
2017,08-07,162
2017,08-08,163
2017,08-09,176
2017,08-10,157
2017,08-11,140
2017,08-12,182
2017,08-13,153
2017,08-14,176
2017,08-15,156
2017,08-16,177
2017,08-17,144
2017,08-18,169
2017,08-19,171
2017,08-20,183
2017,08-21,160
2017,08-22,163
2017,08-23,174
2017,08-24,161
2017,08-25,165
2017,08-26,141
2017,08-27,167
2017,08-28,167
2017,08-29,161
2017,08-30,132
2017,08-31,154
2017,09-01,201
2017,09-02,139
2017,09-03,122
2017,09-04,116
2017,09-05,146
2017,09-06,133
2017,09-07,164
2017,09-08,186
2017,09-09,146
2017,09-10,157
2017,09-11,149
2017,09-12,154
2017,09-13,166
2017,09-14,155
2017,09-15,173
2017,09-16,173
2017,09-17,165
2017,09-18,140
2017,09-19,139
2017,09-20,146
2017,09-21,187
2017,09-22,199
2017,09-23,172
2017,09-24,176
2017,09-25,170
2017,09-26,167
2017,09-27,162
2017,09-28,154
2017,09-29,144
2017,09-30,132
2017,10-01,204
2017,10-02,142
2017,10-03,123
2017,10-04,162
2017,10-05,160
2017,10-06,155
2017,10-07,167
2017,10-08,155
2017,10-09,122
2017,10-10,173
2017,10-11,142
2017,10-12,150
2017,10-13,172
2017,10-14,149
2017,10-15,143
2017,10-16,161
2017,10-17,126
2017,10-18,160
2017,10-19,161
2017,10-20,162
2017,10-21,144
2017,10-22,142
2017,10-23,147
2017,10-24,152
2017,10-25,158
2017,10-26,139
2017,10-27,165
2017,10-28,156
2017,10-29,147
2017,10-30,166
2017,10-31,173
2017,11-01,160
2017,11-02,138
2017,11-03,171
2017,11-04,153
2017,11-05,156
2017,11-06,141
2017,11-07,151
2017,11-08,145
2017,11-09,140
2017,11-10,155
2017,11-11,128
2017,11-12,104
2017,11-13,110
2017,11-14,157
2017,11-15,121
2017,11-16,139
2017,11-17,131
2017,11-18,137
2017,11-19,130
2017,11-20,150
2017,11-21,158
2017,11-22,119
2017,11-23,80
2017,11-24,110
2017,11-25,144
2017,11-26,116
2017,11-27,136
2017,11-28,151
2017,11-29,161
2017,11-30,131
2017,12-01,173
2017,12-02,138
2017,12-03,142
2017,12-04,144
2017,12-05,139
2017,12-06,169
2017,12-07,144
2017,12-08,150
2017,12-09,144
2017,12-10,124
2017,12-11,115
2017,12-12,137
2017,12-13,121
2017,12-14,124
2017,12-15,164
2017,12-16,139
2017,12-17,123
2017,12-18,123
2017,12-19,117
2017,12-20,165
2017,12-21,137
2017,12-22,121
2017,12-23,123
2017,12-24,113
2017,12-25,80
2017,12-26,100
2017,12-27,116
2017,12-28,120
2017,12-29,101
2017,12-30,117
2017,12-31,120
2018,01-01,163
2018,01-02,109
2018,01-03,150
2018,01-04,76
2018,01-05,89
2018,01-06,113
2018,01-07,97
2018,01-08,157
2018,01-09,172
2018,01-10,149
2018,01-11,158
2018,01-12,165
2018,01-13,162
2018,01-14,130
2018,01-15,122
2018,01-16,138
2018,01-17,151
2018,01-18,122
2018,01-19,144
2018,01-20,117
2018,01-21,126
2018,01-22,131
2018,01-23,142
2018,01-24,115
2018,01-25,126
2018,01-26,158
2018,01-27,141
2018,01-28,143
2018,01-29,131
2018,01-30,135
2018,01-31,99
2018,02-01,152
2018,02-02,121
2018,02-03,117
2018,02-04,145
2018,02-05,141
2018,02-06,122
2018,02-07,104
2018,02-08,146
2018,02-09,124
2018,02-10,141
2018,02-11,121
2018,02-12,122
2018,02-13,118
2018,02-14,147
2018,02-15,170
2018,02-16,144
2018,02-17,139
2018,02-18,100
2018,02-19,113
2018,02-20,153
2018,02-21,154
2018,02-22,105
2018,02-23,132
2018,02-24,125
2018,02-25,116
2018,02-26,150
2018,02-27,127
2018,02-28,137
2018,03-01,158
2018,03-02,160
2018,03-03,117
2018,03-04,133
2018,03-05,122
2018,03-06,136
2018,03-07,102
2018,03-08,130
2018,03-09,142
2018,03-10,153
2018,03-11,97
2018,03-12,119
2018,03-13,76
2018,03-14,114
2018,03-15,135
2018,03-16,137
2018,03-17,151
2018,03-18,158
2018,03-19,112
2018,03-20,116
2018,03-21,132
2018,03-22,105
2018,03-23,137
2018,03-24,140
2018,03-25,131
2018,03-26,157
2018,03-27,131
2018,03-28,153
2018,03-29,139
2018,03-30,146
2018,03-31,149
2018,04-01,146
2018,04-02,145
2018,04-03,129
2018,04-04,150
2018,04-05,156
2018,04-06,118
2018,04-07,153
2018,04-08,118
2018,04-09,125
2018,04-10,167
2018,04-11,153
2018,04-12,155
2018,04-13,146
2018,04-14,168
2018,04-15,103
2018,04-16,114
2018,04-17,142
2018,04-18,132
2018,04-19,143
2018,04-20,151
2018,04-21,146
2018,04-22,136
2018,04-23,119
2018,04-24,128
2018,04-25,149
2018,04-26,168
2018,04-27,155
2018,04-28,162
2018,04-29,129
2018,04-30,144
2018,05-01,165
2018,05-02,173
2018,05-03,138
2018,05-04,182
2018,05-05,186
2018,05-06,150
2018,05-07,176
2018,05-08,142
2018,05-09,135
2018,05-10,190
2018,05-11,175
2018,05-12,141
2018,05-13,137
2018,05-14,132
2018,05-15,166
2018,05-16,144
2018,05-17,185
2018,05-18,158
2018,05-19,158
2018,05-20,160
2018,05-21,175
2018,05-22,159
2018,05-23,178
2018,05-24,152
2018,05-25,145
2018,05-26,159
2018,05-27,150
2018,05-28,126
2018,05-29,162
2018,05-30,165
2018,05-31,169
2018,06-01,172
2018,06-02,162
2018,06-03,110
2018,06-04,142
2018,06-05,163
2018,06-06,169
2018,06-07,169
2018,06-08,179
2018,06-09,170
2018,06-10,154
2018,06-11,182
2018,06-12,159
2018,06-13,143
2018,06-14,186
2018,06-15,206
2018,06-16,149
2018,06-17,159
2018,06-18,171
2018,06-19,151
2018,06-20,167
2018,06-21,164
2018,06-22,149
2018,06-23,169
2018,06-24,163
2018,06-25,191
2018,06-26,170
2018,06-27,173
2018,06-28,158
2018,06-29,138
2018,06-30,171
2018,07-01,178
2018,07-02,138
2018,07-03,178
2018,07-04,166
2018,07-05,166
2018,07-06,158
2018,07-07,149
2018,07-08,134
2018,07-09,161
2018,07-10,163
2018,07-11,148
2018,07-12,137
2018,07-13,156
2018,07-14,154
2018,07-15,139
2018,07-16,147
2018,07-17,134
2018,07-18,136
2018,07-19,182
2018,07-20,158
2018,07-21,155
2018,07-22,158
2018,07-23,175
2018,07-24,155
2018,07-25,168
2018,07-26,163
2018,07-27,173
2018,07-28,181
2018,07-29,166
2018,07-30,154
2018,07-31,169
2018,08-01,169
2018,08-02,169
2018,08-03,175
2018,08-04,142
2018,08-05,140
2018,08-06,173
2018,08-07,109
2018,08-08,136
2018,08-09,177
2018,08-10,183
2018,08-11,151
2018,08-12,129
2018,08-13,141
2018,08-14,178
2018,08-15,175
2018,08-16,154
2018,08-17,149
2018,08-18,156
2018,08-19,169
2018,08-20,157
2018,08-21,159
2018,08-22,163
2018,08-23,156
2018,08-24,175
2018,08-25,145
2018,08-26,131
2018,08-27,135
2018,08-28,151
2018,08-29,160
2018,08-30,146
2018,08-31,183
2018,09-01,191
2018,09-02,158
2018,09-03,172
2018,09-04,180
2018,09-05,152
2018,09-06,141
2018,09-07,133
2018,09-08,162
2018,09-09,127
2018,09-10,158
2018,09-11,158
2018,09-12,153
2018,09-13,151
2018,09-14,160
2018,09-15,140
2018,09-16,178
2018,09-17,146
2018,09-18,124
2018,09-19,160
2018,09-20,144
2018,09-21,186
2018,09-22,170
2018,09-23,148
2018,09-24,154
2018,09-25,126
2018,09-26,161
2018,09-27,156
2018,09-28,160
2018,09-29,146
2018,09-30,138
2018,10-01,184
2018,10-02,153
2018,10-03,171
2018,10-04,121
2018,10-05,172
2018,10-06,159
2018,10-07,153
2018,10-08,136
2018,10-09,154
2018,10-10,153
2018,10-11,147
2018,10-12,148
2018,10-13,144
2018,10-14,141
2018,10-15,123
2018,10-16,144
2018,10-17,127
2018,10-18,141
2018,10-19,139
2018,10-20,171
2018,10-21,102
2018,10-22,174
2018,10-23,146
2018,10-24,116
2018,10-25,153
2018,10-26,135
2018,10-27,164
2018,10-28,143
2018,10-29,136
2018,10-30,151
2018,10-31,189
2018,11-01,166
2018,11-02,166
2018,11-03,197
2018,11-04,134
2018,11-05,140
2018,11-06,131
2018,11-07,135
2018,11-08,128
2018,11-09,113
2018,11-10,139
2018,11-11,126
2018,11-12,98
2018,11-13,146
2018,11-14,151
2018,11-15,119
2018,11-16,128
2018,11-17,162
2018,11-18,139
2018,11-19,118
2018,11-20,132
2018,11-21,116
2018,11-22,78
2018,11-23,98
2018,11-24,127
2018,11-25,139
2018,11-26,142
2018,11-27,166
2018,11-28,128
2018,11-29,186
2018,11-30,170
2018,12-01,177
2018,12-02,113
2018,12-03,153
2018,12-04,149
2018,12-05,153
2018,12-06,128
2018,12-07,137
2018,12-08,130
2018,12-09,134
2018,12-10,140
2018,12-11,112
2018,12-12,150
2018,12-13,156
2018,12-14,152
2018,12-15,139
2018,12-16,142
2018,12-17,136
2018,12-18,157
2018,12-19,142
2018,12-20,116
2018,12-21,163
2018,12-22,143
2018,12-23,102
2018,12-24,106
2018,12-25,85
2018,12-26,100
2018,12-27,110
2018,12-28,123
2018,12-29,106
2018,12-30,150
2018,12-31,134
2019,01-01,190
2019,01-02,116
2019,01-03,121
2019,01-04,137
2019,01-05,137
2019,01-06,119
2019,01-07,111
2019,01-08,119
2019,01-09,136
2019,01-10,128
2019,01-11,145
2019,01-12,103
2019,01-13,110
2019,01-14,132
2019,01-15,139
2019,01-16,144
2019,01-17,117
2019,01-18,121
2019,01-19,106
2019,01-20,91
2019,01-21,81
2019,01-22,115
2019,01-23,94
2019,01-24,143
2019,01-25,120
2019,01-26,124
2019,01-27,128
2019,01-28,126
2019,01-29,133
2019,01-30,102
2019,01-31,96
2019,02-01,162
2019,02-02,112
2019,02-03,149
2019,02-04,119
2019,02-05,154
2019,02-06,111
2019,02-07,143
2019,02-08,151
2019,02-09,146
2019,02-10,86
2019,02-11,114
2019,02-12,98
2019,02-13,102
2019,02-14,95
2019,02-15,128
2019,02-16,130
2019,02-17,115
2019,02-18,77
2019,02-19,107
2019,02-20,100
2019,02-21,110
2019,02-22,127
2019,02-23,115
2019,02-24,100
2019,02-25,154
2019,02-26,128
2019,02-27,107
2019,02-28,102
2019,03-01,161
2019,03-02,116
2019,03-03,105
2019,03-04,110
2019,03-05,126
2019,03-06,91
2019,03-07,113
2019,03-08,108
2019,03-09,138
2019,03-10,97
2019,03-11,103
2019,03-12,120
2019,03-13,144
2019,03-14,148
2019,03-15,142
2019,03-16,138
2019,03-17,125
2019,03-18,135
2019,03-19,100
2019,03-20,128
2019,03-21,113
2019,03-22,115
2019,03-23,112
2019,03-24,130
2019,03-25,115
2019,03-26,119
2019,03-27,155
2019,03-28,122
2019,03-29,143
2019,03-30,150
2019,03-31,112
2019,04-01,155
2019,04-02,117
2019,04-03,126
2019,04-04,123
2019,04-05,87
2019,04-06,139
2019,04-07,127
2019,04-08,115
2019,04-09,127
2019,04-10,109
2019,04-11,131
2019,04-12,136
2019,04-13,135
2019,04-14,124
2019,04-15,144
2019,04-16,106
2019,04-17,88
2019,04-18,113
2019,04-19,128
2019,04-20,127
2019,04-21,105
2019,04-22,120
2019,04-23,132
2019,04-24,137
2019,04-25,151
2019,04-26,133
2019,04-27,145
2019,04-28,141
2019,04-29,156
2019,04-30,133
2019,05-01,148
2019,05-02,118
2019,05-03,126
2019,05-04,136
2019,05-05,128
2019,05-06,132
2019,05-07,135
2019,05-08,120
2019,05-09,153
2019,05-10,127
2019,05-11,151
2019,05-12,110
2019,05-13,122
2019,05-14,114
2019,05-15,159
2019,05-16,135
2019,05-17,149
2019,05-18,160
2019,05-19,127
2019,05-20,147
2019,05-21,134
2019,05-22,164
2019,05-23,154
2019,05-24,143
2019,05-25,142
2019,05-26,133
2019,05-27,139
2019,05-28,133
2019,05-29,139
2019,05-30,123
2019,05-31,137
2019,06-01,164
2019,06-02,124
2019,06-03,136
2019,06-04,151
2019,06-05,132
2019,06-06,121
2019,06-07,141
2019,06-08,137
2019,06-09,151
2019,06-10,150
2019,06-11,127
2019,06-12,145
2019,06-13,114
2019,06-14,123
2019,06-15,142
2019,06-16,138
2019,06-17,126
2019,06-18,142
2019,06-19,130
2019,06-20,111
2019,06-21,139
2019,06-22,156
2019,06-23,133
2019,06-24,163
2019,06-25,142
2019,06-26,161
2019,06-27,152
2019,06-28,177
2019,06-29,137
2019,06-30,120
2019,07-01,165
2019,07-02,141
2019,07-03,165
2019,07-04,159
2019,07-05,163
2019,07-06,142
2019,07-07,132
2019,07-08,157
2019,07-09,155
2019,07-10,135
2019,07-11,139
2019,07-12,149
2019,07-13,151
2019,07-14,152
2019,07-15,144
2019,07-16,138
2019,07-17,181
2019,07-18,140
2019,07-19,162
2019,07-20,127
2019,07-21,144
2019,07-22,139
2019,07-23,134
2019,07-24,164
2019,07-25,120
2019,07-26,153
2019,07-27,148
2019,07-28,151
2019,07-29,166
2019,07-30,140
2019,07-31,139
2019,08-01,163
2019,08-02,152
2019,08-03,147
2019,08-04,134
2019,08-05,172
2019,08-06,134
2019,08-07,165
2019,08-08,138
2019,08-09,142
2019,08-10,167
2019,08-11,123
2019,08-12,148
2019,08-13,140
2019,08-14,128
2019,08-15,161
2019,08-16,156
2019,08-17,162
2019,08-18,154
2019,08-19,158
2019,08-20,173
2019,08-21,153
2019,08-22,158
2019,08-23,176
2019,08-24,150
2019,08-25,141
2019,08-26,143
2019,08-27,164
2019,08-28,147
2019,08-29,140
2019,08-30,146
2019,08-31,176
2019,09-01,166
2019,09-02,131
2019,09-03,171
2019,09-04,142
2019,09-05,155
2019,09-06,153
2019,09-07,157
2019,09-08,145
2019,09-09,171
2019,09-10,144
2019,09-11,161
2019,09-12,139
2019,09-13,162
2019,09-14,155
2019,09-15,127
2019,09-16,148
2019,09-17,152
2019,09-18,160
2019,09-19,142
2019,09-20,160
2019,09-21,139
2019,09-22,177
2019,09-23,127
2019,09-24,159
2019,09-25,181
2019,09-26,126
2019,09-27,170
2019,09-28,146
2019,09-29,144
2019,09-30,140
2019,10-01,139
2019,10-02,119
2019,10-03,118
2019,10-04,139
2019,10-05,116
2019,10-06,111
2019,10-07,143
2019,10-08,108
2019,10-09,112
2019,10-10,127
2019,10-11,124
2019,10-12,113
2019,10-13,109
2019,10-14,129
2019,10-15,118
2019,10-16,112
2019,10-17,126
2019,10-18,123
2019,10-19,127
2019,10-20,115
2019,10-21,115
2019,10-22,117
2019,10-23,124
2019,10-24,126
2019,10-25,119
2019,10-26,140
2019,10-27,84
2019,10-28,100
2019,10-29,93
2019,10-30,120
2019,10-31,137
2019,11-01,171
2019,11-02,102
2019,11-03,90
2019,11-04,116
2019,11-05,108
2019,11-06,113
2019,11-07,120
2019,11-08,108
2019,11-09,101
2019,11-10,109
2019,11-11,121
2019,11-12,109
2019,11-13,98
2019,11-14,139
2019,11-15,132
2019,11-16,118
2019,11-17,85
2019,11-18,101
2019,11-19,112
2019,11-20,98
2019,11-21,129
2019,11-22,105
2019,11-23,112
2019,11-24,88
2019,11-25,121
2019,11-26,127
2019,11-27,123
2019,11-28,59
2019,11-29,101
2019,11-30,105
2019,12-01,101
2019,12-02,84
2019,12-03,75
2019,12-04,97
2019,12-05,99
2019,12-06,113
2019,12-07,108
2019,12-08,106
2019,12-09,124
2019,12-10,119
2019,12-11,110
2019,12-12,107
2019,12-13,110
2019,12-14,118
2019,12-15,113
2019,12-16,119
2019,12-17,97
2019,12-18,101
2019,12-19,108
2019,12-20,127
2019,12-21,104
2019,12-22,100
2019,12-23,120
2019,12-24,118
2019,12-25,65
2019,12-26,78
2019,12-27,106
2019,12-28,110
2019,12-29,85
2019,12-30,99
2019,12-31,99
2020,01-01,114
2020,01-02,109
2020,01-03,115
2020,01-04,87
2020,01-05,89
2020,01-06,106
2020,01-07,93
2020,01-08,104
2020,01-09,84
2020,01-10,130
2020,01-11,114
2020,01-12,120
2020,01-13,114
2020,01-14,98
2020,01-15,108
2020,01-16,117
2020,01-17,114
2020,01-18,104
2020,01-19,86
2020,01-20,94
2020,01-21,110
2020,01-22,92
2020,01-23,110
2020,01-24,89
2020,01-25,89
2020,01-26,107
2020,01-27,117
2020,01-28,95
2020,01-29,106
2020,01-30,103
2020,01-31,123
2020,02-01,103
2020,02-02,112
2020,02-03,121
2020,02-04,126
2020,02-05,99
2020,02-06,117
2020,02-07,108
2020,02-08,111
2020,02-09,81
2020,02-10,105
2020,02-11,107
2020,02-12,104
2020,02-13,94
2020,02-14,118
2020,02-15,108
2020,02-16,80
2020,02-17,90
2020,02-18,95
2020,02-19,102
2020,02-20,113
2020,02-21,114
2020,02-22,88
2020,02-23,96
2020,02-24,127
2020,02-25,118
2020,02-26,90
2020,02-27,97
2020,02-28,107
2020,02-29,132
2020,03-01,117
2020,03-02,118
2020,03-03,102
2020,03-04,103
2020,03-05,102
2020,03-06,140
2020,03-07,116
2020,03-08,89
2020,03-09,101
2020,03-10,121
2020,03-11,95
2020,03-12,99
2020,03-13,98
2020,03-14,116
2020,03-15,92
2020,03-16,50
2020,03-17,82
2020,03-18,81
2020,03-19,56
2020,03-20,89
2020,03-21,101
2020,03-22,83
2020,03-23,77
2020,03-24,90
2020,03-25,89
2020,03-26,61
2020,03-27,105
2020,03-28,67
2020,03-29,53
2020,03-30,94
2020,03-31,80
2020,04-01,110
2020,04-02,80
2020,04-03,80
2020,04-04,73
2020,04-05,85
2020,04-06,76
2020,04-07,88
2020,04-08,88
2020,04-09,65
2020,04-10,83
2020,04-11,86
2020,04-12,77
2020,04-13,94
2020,04-14,92
2020,04-15,84
2020,04-16,59
2020,04-17,83
2020,04-18,69
2020,04-19,98
2020,04-20,99
2020,04-21,97
2020,04-22,77
2020,04-23,69
2020,04-24,82
2020,04-25,84
2020,04-26,69
2020,04-27,97
2020,04-28,103
2020,04-29,103
2020,04-30,98
2020,05-01,122
2020,05-02,87
2020,05-03,92
2020,05-04,100
2020,05-05,85
2020,05-06,84
2020,05-07,64
2020,05-08,96
2020,05-09,82
2020,05-10,75
2020,05-11,94
2020,05-12,75
2020,05-13,80
2020,05-14,94
2020,05-15,126
2020,05-16,90
2020,05-17,83
2020,05-18,94
2020,05-19,86
2020,05-20,107
2020,05-21,98
2020,05-22,125
2020,05-23,97
2020,05-24,85
2020,05-25,77
2020,05-26,65
2020,05-27,98
2020,05-28,108
2020,05-29,109
2020,05-30,106
2020,05-31,156
2020,06-01,207
2020,06-02,106
2020,06-03,110
2020,06-04,119
2020,06-05,102
2020,06-06,71
2020,06-07,83
2020,06-08,104
2020,06-09,95
2020,06-10,116
2020,06-11,140
2020,06-12,120
2020,06-13,108
2020,06-14,91
2020,06-15,118
2020,06-16,108
2020,06-17,104
2020,06-18,114
2020,06-19,110
2020,06-20,119
2020,06-21,81
2020,06-22,127
2020,06-23,114
2020,06-24,131
2020,06-25,103
2020,06-26,115
2020,06-27,96
2020,06-28,101
2020,06-29,76
2020,06-30,100
2020,07-01,128
2020,07-02,102
2020,07-03,120
2020,07-04,99
2020,07-05,107
2020,07-06,117
2020,07-07,111
2020,07-08,109
2020,07-09,106
2020,07-10,93
2020,07-11,102
2020,07-12,101
2020,07-13,100
2020,07-14,84
2020,07-15,123
2020,07-16,110
2020,07-17,124
2020,07-18,110
2020,07-19,103
2020,07-20,102
2020,07-21,126
2020,07-22,116
2020,07-23,120
2020,07-24,100
2020,07-25,107
2020,07-26,90
2020,07-27,130
2020,07-28,93
2020,07-29,120
2020,07-30,112
2020,07-31,130
2020,08-01,118
2020,08-02,134
2020,08-03,152
2020,08-04,116
2020,08-05,105
2020,08-06,126
2020,08-07,123
2020,08-08,104
2020,08-09,98
2020,08-10,134
2020,08-11,104
2020,08-12,97
2020,08-13,85
2020,08-14,112
2020,08-15,107
2020,08-16,84
2020,08-17,104
2020,08-18,121
2020,08-19,138
2020,08-20,114
2020,08-21,105
2020,08-22,96
2020,08-23,102
2020,08-24,111
2020,08-25,107
2020,08-26,126
2020,08-27,114
2020,08-28,113
2020,08-29,118
2020,08-30,102
2020,08-31,136
2020,09-01,154
2020,09-02,108
2020,09-03,117
2020,09-04,126
2020,09-05,117
2020,09-06,105
2020,09-07,96
2020,09-08,124
2020,09-09,114
2020,09-10,131
2020,09-11,124
2020,09-12,106
2020,09-13,128
2020,09-14,112
2020,09-15,113
2020,09-16,113
2020,09-17,160
2020,09-18,107
2020,09-19,123
2020,09-20,93
2020,09-21,101
2020,09-22,95
2020,09-23,120
2020,09-24,101
2020,09-25,127
2020,09-26,127
2020,09-27,105
2020,09-28,137
2020,09-29,111
2020,09-30,134
2020,10-01,134
2020,10-02,115
2020,10-03,134
2020,10-04,97
2020,10-05,118
2020,10-06,119
2020,10-07,148
2020,10-08,125
2020,10-09,143
2020,10-10,143
2020,10-11,90
2020,10-12,108
2020,10-13,89
2020,10-14,134
2020,10-15,114
2020,10-16,130
2020,10-17,116
2020,10-18,99
2020,10-19,126
2020,10-20,139
2020,10-21,133
2020,10-22,145
2020,10-23,147
2020,10-24,132
2020,10-25,96
2020,10-26,141
2020,10-27,124
2020,10-28,119
2020,10-29,104
2020,10-30,110
2020,10-31,111
2020,11-01,125
2020,11-02,109
2020,11-03,95
2020,11-04,117
2020,11-05,114
2020,11-06,134
2020,11-07,119
2020,11-08,89
2020,11-09,127
2020,11-10,113
2020,11-11,97
2020,11-12,121
2020,11-13,131
2020,11-14,91
2020,11-15,104
2020,11-16,120
2020,11-17,131
2020,11-18,121
2020,11-19,126
2020,11-20,141
2020,11-21,106
2020,11-22,82
2020,11-23,100
2020,11-24,109
2020,11-25,120
2020,11-26,72
2020,11-27,113
2020,11-28,85
2020,11-29,77
2020,11-30,111
2020,12-01,140
2020,12-02,109
2020,12-03,128
2020,12-04,117
2020,12-05,77
2020,12-06,72
2020,12-07,105
2020,12-08,90
2020,12-09,86
2020,12-10,94
2020,12-11,95
2020,12-12,86
2020,12-13,86
2020,12-14,82
2020,12-15,99
2020,12-16,91
2020,12-17,81
2020,12-18,98
2020,12-19,92
2020,12-20,82
2020,12-21,86
2020,12-22,89
2020,12-23,82
2020,12-24,98
2020,12-25,63
2020,12-26,84
2020,12-27,74
2020,12-28,107
2020,12-29,91
2020,12-30,102
2020,12-31,113
2021,01-01,106
2021,01-02,88
2021,01-03,61
2021,01-04,82
2021,01-05,78
2021,01-06,71
2021,01-07,94
2021,01-08,88
2021,01-09,88
2021,01-10,81
2021,01-11,87
2021,01-12,80
2021,01-13,77
2021,01-14,85
2021,01-15,103
2021,01-16,75
2021,01-17,73
2021,01-18,84
2021,01-19,77
2021,01-20,70
2021,01-21,82
2021,01-22,76
2021,01-23,93
2021,01-24,72
2021,01-25,80
2021,01-26,76
2021,01-27,82
2021,01-28,76
2021,01-29,78
2021,01-30,71
2021,01-31,65
2021,02-01,99
2021,02-02,66
2021,02-03,70
2021,02-04,96
2021,02-05,105
2021,02-06,89
2021,02-07,76
2021,02-08,77
2021,02-09,82
2021,02-10,78
2021,02-11,73
2021,02-12,96
2021,02-13,121
2021,02-14,67
2021,02-15,86
2021,02-16,85
2021,02-17,96
2021,02-18,83
2021,02-19,64
2021,02-20,83
2021,02-21,83
2021,02-22,79
2021,02-23,72
2021,02-24,96
2021,02-25,88
2021,02-26,91
2021,02-27,78
2021,02-28,89
2021,03-01,110
2021,03-02,83
2021,03-03,78
2021,03-04,79
2021,03-05,108
2021,03-06,69
2021,03-07,82
2021,03-08,92
2021,03-09,71
2021,03-10,93
2021,03-11,102
2021,03-12,88
2021,03-13,90
2021,03-14,80
2021,03-15,79
2021,03-16,79
2021,03-17,86
2021,03-18,83
2021,03-19,92
2021,03-20,108
2021,03-21,82
2021,03-22,102
2021,03-23,98
2021,03-24,88
2021,03-25,100
2021,03-26,106
2021,03-27,88
2021,03-28,81
2021,03-29,94
2021,03-30,83
2021,03-31,94
2021,04-01,97
2021,04-02,91
2021,04-03,84
2021,04-04,65
2021,04-05,100
2021,04-06,119
2021,04-07,97
2021,04-08,96
2021,04-09,96
2021,04-10,113
2021,04-11,88
2021,04-12,82
2021,04-13,85
2021,04-14,98
2021,04-15,88
2021,04-16,75
2021,04-17,68
2021,04-18,89
2021,04-19,91
2021,04-20,95
2021,04-21,85
2021,04-22,101
2021,04-23,88
2021,04-24,114
2021,04-25,98
2021,04-26,86
2021,04-27,101
2021,04-28,85
2021,04-29,74
2021,04-30,93
2021,05-01,110
2021,05-02,69
2021,05-03,86
2021,05-04,79
2021,05-05,92
2021,05-06,94
2021,05-07,88
2021,05-08,85
2021,05-09,114
2021,05-10,86
2021,05-11,98
2021,05-12,115
2021,05-13,82
2021,05-14,100
2021,05-15,118
2021,05-16,98
2021,05-17,117
2021,05-18,119
2021,05-19,109
2021,05-20,95
2021,05-21,117
2021,05-22,113
2021,05-23,85
2021,05-24,106
2021,05-25,97
2021,05-26,122
2021,05-27,109
2021,05-28,104
2021,05-29,85
2021,05-30,89
2021,05-31,86
2021,06-01,122
2021,06-02,108
2021,06-03,92
2021,06-04,106
2021,06-05,106
2021,06-06,101
2021,06-07,113
2021,06-08,95
2021,06-09,96
2021,06-10,111
2021,06-11,124
2021,06-12,102
2021,06-13,114
2021,06-14,122
2021,06-15,119
2021,06-16,103
2021,06-17,118
2021,06-18,118
2021,06-19,101
2021,06-20,90
2021,06-21,112
2021,06-22,105
2021,06-23,112
2021,06-24,116
2021,06-25,101
2021,06-26,104
2021,06-27,95
2021,06-28,120
2021,06-29,108
2021,06-30,101
2021,07-01,116
2021,07-02,92
2021,07-03,86
2021,07-04,101
2021,07-05,123
2021,07-06,89
2021,07-07,103
2021,07-08,96
2021,07-09,92
2021,07-10,112
2021,07-11,90
2021,07-12,88
2021,07-13,102
2021,07-14,98
2021,07-15,78
2021,07-16,98
2021,07-17,109
2021,07-18,89
2021,07-19,102
2021,07-20,93
2021,07-21,137
2021,07-22,119
2021,07-23,116
2021,07-24,126
2021,07-25,112
2021,07-26,109
2021,07-27,114
2021,07-28,94
2021,07-29,92
2021,07-30,105
2021,07-31,110
2021,08-01,96
2021,08-02,122
2021,08-03,108
2021,08-04,92
2021,08-05,85
2021,08-06,129
2021,08-07,126
2021,08-08,119
2021,08-09,87
2021,08-10,118
2021,08-11,101
2021,08-12,103
2021,08-13,112
2021,08-14,99
2021,08-15,117
2021,08-16,104
2021,08-17,91
2021,08-18,118
2021,08-19,109
2021,08-20,100
2021,08-21,107
2021,08-22,123
2021,08-23,94
2021,08-24,102
2021,08-25,124
2021,08-26,94
2021,08-27,118
2021,08-28,107
2021,08-29,107
2021,08-30,116
2021,08-31,108
2021,09-01,107
2021,09-02,80
2021,09-03,102
2021,09-04,109
2021,09-05,85
2021,09-06,106
2021,09-07,89
2021,09-08,119
2021,09-09,96
2021,09-10,98
2021,09-11,123
2021,09-12,111
2021,09-13,109
2021,09-14,85
2021,09-15,122
2021,09-16,93
2021,09-17,115
2021,09-18,115
2021,09-19,96
2021,09-20,106
2021,09-21,114
2021,09-22,93
2021,09-23,93
2021,09-24,113
2021,09-25,92
2021,09-26,109
2021,09-27,99
2021,09-28,99
2021,09-29,90
2021,09-30,99
2021,10-01,117
2021,10-02,134
2021,10-03,93
2021,10-04,67
2021,10-05,101
2021,10-06,98
2021,10-07,107
2021,10-08,102
2021,10-09,109
2021,10-10,101
2021,10-11,113
2021,10-12,127
2021,10-13,108
2021,10-14,110
2021,10-15,119
2021,10-16,128
2021,10-17,99
2021,10-18,104
2021,10-19,95
2021,10-20,96
2021,10-21,95
2021,10-22,131
2021,10-23,125
2021,10-24,94
2021,10-25,99
2021,10-26,94
2021,10-27,126
2021,10-28,93
2021,10-29,100
2021,10-30,100
2021,10-31,117
2021,11-01,127
2021,11-02,118
2021,11-03,107
2021,11-04,98
2021,11-05,110
2021,11-06,108
2021,11-07,99
2021,11-08,80
2021,11-09,85
2021,11-10,91
2021,11-11,91
2021,11-12,96
2021,11-13,108
2021,11-14,79
2021,11-15,104
2021,11-16,66
2021,11-17,71
2021,11-18,86
2021,11-19,107
2021,11-20,94
2021,11-21,89
2021,11-22,85
2021,11-23,90
2021,11-24,87
2021,11-25,62
2021,11-26,68
2021,11-27,96
2021,11-28,83
2021,11-29,99
2021,11-30,76
2021,12-01,109
2021,12-02,98
2021,12-03,102
2021,12-04,93
2021,12-05,71
2021,12-06,117
2021,12-07,106
2021,12-08,108
2021,12-09,75
2021,12-10,84
2021,12-11,100
2021,12-12,80
2021,12-13,90
2021,12-14,41
2021,12-15,99
2021,12-16,113
2021,12-17,91
2021,12-18,95
2021,12-19,97
2021,12-20,75
2021,12-21,75
2021,12-22,65
2021,12-23,90
2021,12-24,81
2021,12-25,43
2021,12-26,60
2021,12-27,84
2021,12-28,74
2021,12-29,71
2021,12-30,68
2021,12-31,82
2022,01-01,116
2022,01-02,76
2022,01-03,79
2022,01-04,65
2022,01-05,86
2022,01-06,72
2022,01-07,80
2022,01-08,64
2022,01-09,76
2022,01-10,75
2022,01-11,88
2022,01-12,98
2022,01-13,82
2022,01-14,107
2022,01-15,87
2022,01-16,83
2022,01-17,87
2022,01-18,79
2022,01-19,107
2022,01-20,96
2022,01-21,110
2022,01-22,123
2022,01-23,75
2022,01-24,92
2022,01-25,92
2022,01-26,86
2022,01-27,92
2022,01-28,92
2022,01-29,40
2022,01-30,51
2022,01-31,108
2022,02-01,109
2022,02-02,100
2022,02-03,87
2022,02-04,89
2022,02-05,90
2022,02-06,63
2022,02-07,112
2022,02-08,77
2022,02-09,93
2022,02-10,104
2022,02-11,119
2022,02-12,95
2022,02-13,78
2022,02-14,110
2022,02-15,95
2022,02-16,76
2022,02-17,107
2022,02-18,119
2022,02-19,98
2022,02-20,79
2022,02-21,98
2022,02-22,85
2022,02-23,89
2022,02-24,104
2022,02-25,73
2022,02-26,100
2022,02-27,106
2022,02-28,98
2022,03-01,118
2022,03-02,100
2022,03-03,86
2022,03-04,96
2022,03-05,79
2022,03-06,94
2022,03-07,94
2022,03-08,100
2022,03-09,64
2022,03-10,108
2022,03-11,102
2022,03-12,92
2022,03-13,77
2022,03-14,94
2022,03-15,93
2022,03-16,94
2022,03-17,99
2022,03-18,106
2022,03-19,95
2022,03-20,105
2022,03-21,99
2022,03-22,96
2022,03-23,95
2022,03-24,90
2022,03-25,95
2022,03-26,106
2022,03-27,96
2022,03-28,97
2022,03-29,85
2022,03-30,92
2022,03-31,112
2022,04-01,88
2022,04-02,100
2022,04-03,84
2022,04-04,95
2022,04-05,102
2022,04-06,93
2022,04-07,98
2022,04-08,118
2022,04-09,78
2022,04-10,75
2022,04-11,111
2022,04-12,117
2022,04-13,107
2022,04-14,94
2022,04-15,113
2022,04-16,92
2022,04-17,74
2022,04-18,97
2022,04-19,112
2022,04-20,96
2022,04-21,93
2022,04-22,108
2022,04-23,108
2022,04-24,102
2022,04-25,129
2022,04-26,92
2022,04-27,112
2022,04-28,122
2022,04-29,95
2022,04-30,101
2022,05-01,112
2022,05-02,102
2022,05-03,108
2022,05-04,81
2022,05-05,104
2022,05-06,115
2022,05-07,83
2022,05-08,82
2022,05-09,78
2022,05-10,90
2022,05-11,80
2022,05-12,68
2022,05-13,115
2022,05-14,112
2022,05-15,82
2022,05-16,107
2022,05-17,91
2022,05-18,125
2022,05-19,108
2022,05-20,110
2022,05-21,98
2022,05-22,117
2022,05-23,95
2022,05-24,109
2022,05-25,128
2022,05-26,111
2022,05-27,129
2022,05-28,104
2022,05-29,90
2022,05-30,107
2022,05-31,103
2022,06-01,101
2022,06-02,86
2022,06-03,105
2022,06-04,126
2022,06-05,102
2022,06-06,113
2022,06-07,112
2022,06-08,101
2022,06-09,95
2022,06-10,125
2022,06-11,115
2022,06-12,109
2022,06-13,99
2022,06-14,111
2022,06-15,119
2022,06-16,122
2022,06-17,114
2022,06-18,104
2022,06-19,79
2022,06-20,114
2022,06-21,108
2022,06-22,93
2022,06-23,108
2022,06-24,97
2022,06-25,100
2022,06-26,89
2022,06-27,96
2022,06-28,113
2022,06-29,106
2022,06-30,105
2022,07-01,121
2022,07-02,121
2022,07-03,92
2022,07-04,97
2022,07-05,106
2022,07-06,122
2022,07-07,112
2022,07-08,113
2022,07-09,115
2022,07-10,108
2022,07-11,101
2022,07-12,118
2022,07-13,96
2022,07-14,83
2022,07-15,118
2022,07-16,122
2022,07-17,101
2022,07-18,108
2022,07-19,101
2022,07-20,98
2022,07-21,93
2022,07-22,103
2022,07-23,109
2022,07-24,97
2022,07-25,119
2022,07-26,119
2022,07-27,127
2022,07-28,105
2022,07-29,105
2022,07-30,125
2022,07-31,94
2022,08-01,121
2022,08-02,89
2022,08-03,117
2022,08-04,90
2022,08-05,110
2022,08-06,109
2022,08-07,91
2022,08-08,93
2022,08-09,104
2022,08-10,117
2022,08-11,102
2022,08-12,111
2022,08-13,114
2022,08-14,110
2022,08-15,119
2022,08-16,93
2022,08-17,123
2022,08-18,105
2022,08-19,130
2022,08-20,82
2022,08-21,103
2022,08-22,98
2022,08-23,110
2022,08-24,74
2022,08-25,83
2022,08-26,102
2022,08-27,108
2022,08-28,92
2022,08-29,103
2022,08-30,90
2022,08-31,126
2022,09-01,126
2022,09-02,97
2022,09-03,103
2022,09-04,88
2022,09-05,63
2022,09-06,62
2022,09-07,105
2022,09-08,93
2022,09-09,108
2022,09-10,104
2022,09-11,110
2022,09-12,113
2022,09-13,108
2022,09-14,113
2022,09-15,122
2022,09-16,115
2022,09-17,102
2022,09-18,91
2022,09-19,88
2022,09-20,88
2022,09-21,117
2022,09-22,113
2022,09-23,89
2022,09-24,113
2022,09-25,73
2022,09-26,97
2022,09-27,113
2022,09-28,122
2022,09-29,99
2022,09-30,108
2022,10-01,113
2022,10-02,91
2022,10-03,97
2022,10-04,82
2022,10-05,92
2022,10-06,108
2022,10-07,126
2022,10-08,115
2022,10-09,96
2022,10-10,110
2022,10-11,80
2022,10-12,101
2022,10-13,76
2022,10-14,114
2022,10-15,91
2022,10-16,105
2022,10-17,103
2022,10-18,88
2022,10-19,98
2022,10-20,103
2022,10-21,99
2022,10-22,103
2022,10-23,76
2022,10-24,73
2022,10-25,64
2022,10-26,82
2022,10-27,96
2022,10-28,84
2022,10-29,99
2022,10-30,98
2022,10-31,136
2022,11-01,108
2022,11-02,106
2022,11-03,102
2022,11-04,95
2022,11-05,96
2022,11-06,82
2022,11-07,105
2022,11-08,99
2022,11-09,84
2022,11-10,79
2022,11-11,89
2022,11-12,107
2022,11-13,89
2022,11-14,81
2022,11-15,109
2022,11-16,48
2022,11-17,102
2022,11-18,82
2022,11-19,85
2022,11-20,63
2022,11-21,98
2022,11-22,86
2022,11-23,75
2022,11-24,45
2022,11-25,85
2022,11-26,96
2022,11-27,73
2022,11-28,83
2022,11-29,78
2022,11-30,100
2022,12-01,115
2022,12-02,101
2022,12-03,76
2022,12-04,79
2022,12-05,93
2022,12-06,93
2022,12-07,99
2022,12-08,86
2022,12-09,118
2022,12-10,104
2022,12-11,89
2022,12-12,87
2022,12-13,95
2022,12-14,79
2022,12-15,88
2022,12-16,79
2022,12-17,91
2022,12-18,80
2022,12-19,102
2022,12-20,98
2022,12-21,111
2022,12-22,86
2022,12-23,76
2022,12-24,72
2022,12-25,53
2022,12-26,55
2022,12-27,80
2022,12-28,75
2022,12-29,74
2022,12-30,90
2022,12-31,84
2023,01-01,122
2023,01-02,86
2023,01-03,76
2023,01-04,93
2023,01-05,105
2023,01-06,82
2023,01-07,93
2023,01-08,85
2023,01-09,109
2023,01-10,87
2023,01-11,111
2023,01-12,96
2023,01-13,81
2023,01-14,95
2023,01-15,75
2023,01-16,90
2023,01-17,112
2023,01-18,104
2023,01-19,95
2023,01-20,117
2023,01-21,86
2023,01-22,69
2023,01-23,108
2023,01-24,99
2023,01-25,84
2023,01-26,88
2023,01-27,110
2023,01-28,110
2023,01-29,94
2023,01-30,123
2023,01-31,89
2023,02-01,119
2023,02-02,93
2023,02-03,101
2023,02-04,94
2023,02-05,112
2023,02-06,101
2023,02-07,94
2023,02-08,102
2023,02-09,114
2023,02-10,131
2023,02-11,104
2023,02-12,86
2023,02-13,93
2023,02-14,94
2023,02-15,112
2023,02-16,117
2023,02-17,109
2023,02-18,92
2023,02-19,101
2023,02-20,98
2023,02-21,82
2023,02-22,98
2023,02-23,82
2023,02-24,83
2023,02-25,52
2023,02-26,70
2023,02-27,92
2023,02-28,96
2023,03-01,125
2023,03-02,85
2023,03-03,95
2023,03-04,87
2023,03-05,89
2023,03-06,114
2023,03-07,82
2023,03-08,84
2023,03-09,100
2023,03-10,89
2023,03-11,87
2023,03-12,87
2023,03-13,106
2023,03-14,102
2023,03-15,94
2023,03-16,108
2023,03-17,136
2023,03-18,122
2023,03-19,112
2023,03-20,116
2023,03-21,106
2023,03-22,102
2023,03-23,108
2023,03-24,111
2023,03-25,85
2023,03-26,88
2023,03-27,113
2023,03-28,107
2023,03-29,97
2023,03-30,100
2023,03-31,94
2023,04-01,108
2023,04-02,94
2023,04-03,103
2023,04-04,88
2023,04-05,96
2023,04-06,107
2023,04-07,102
2023,04-08,89
2023,04-09,72
2023,04-10,106
2023,04-11,123
2023,04-12,120
2023,04-13,108
2023,04-14,136
2023,04-15,111
2023,04-16,95
2023,04-17,101
2023,04-18,116
2023,04-19,96
2023,04-20,94
2023,04-21,97
2023,04-22,103
2023,04-23,77
2023,04-24,115
2023,04-25,100
2023,04-26,93
2023,04-27,93
2023,04-28,104
2023,04-29,78
2023,04-30,78
2023,05-01,135
2023,05-02,114
2023,05-03,111
2023,05-04,98
2023,05-05,101
2023,05-06,95
2023,05-07,113
2023,05-08,109
2023,05-09,101
2023,05-10,129
2023,05-11,119
2023,05-12,97
2023,05-13,95
2023,05-14,105
2023,05-15,120
2023,05-16,99
2023,05-17,136
2023,05-18,111
2023,05-19,123
2023,05-20,104
2023,05-21,93
2023,05-22,117
2023,05-23,122
2023,05-24,101
2023,05-25,104
2023,05-26,98
2023,05-27,103
2023,05-28,100
2023,05-29,112
2023,05-30,105
2023,05-31,94
2023,06-01,146
2023,06-02,98
2023,06-03,105
2023,06-04,96
2023,06-05,102
2023,06-06,118
2023,06-07,102
2023,06-08,127
2023,06-09,109
2023,06-10,106
2023,06-11,93
2023,06-12,100
2023,06-13,110
2023,06-14,103
2023,06-15,113
2023,06-16,111
2023,06-17,76
2023,06-18,93
2023,06-19,101
2023,06-20,109
2023,06-21,113
2023,06-22,84
2023,06-23,105
2023,06-24,111
2023,06-25,100
2023,06-26,110
2023,06-27,103
2023,06-28,92
2023,06-29,119
2023,06-30,111
2023,07-01,123
2023,07-02,97
2023,07-03,105
2023,07-04,100
2023,07-05,103
2023,07-06,120
2023,07-07,108
2023,07-08,109
2023,07-09,91
2023,07-10,101
2023,07-11,120
2023,07-12,129
2023,07-13,106
2023,07-14,115
2023,07-15,100
2023,07-16,80
2023,07-17,112
2023,07-18,116
2023,07-19,129
2023,07-20,111
2023,07-21,123
2023,07-22,115
2023,07-23,102
2023,07-24,104
2023,07-25,112
2023,07-26,99
2023,07-27,103
2023,07-28,105
2023,07-29,94
2023,07-30,106
2023,07-31,124
2023,08-01,108
2023,08-02,102
2023,08-03,118
2023,08-04,120
2023,08-05,117
2023,08-06,93
2023,08-07,120
2023,08-08,104
2023,08-09,121
2023,08-10,102
2023,08-11,101
2023,08-12,129
2023,08-13,136
2023,08-14,98
2023,08-15,101
2023,08-16,132
2023,08-17,113
2023,08-18,117
2023,08-19,103
2023,08-20,87
2023,08-21,100
2023,08-22,120
2023,08-23,105
2023,08-24,95
2023,08-25,99
2023,08-26,135
2023,08-27,90
2023,08-28,104
2023,08-29,125
2023,08-30,120
2023,08-31,134
2023,09-01,113
2023,09-02,123
2023,09-03,114
2023,09-04,113
2023,09-05,123
2023,09-06,87
2023,09-07,109
2023,09-08,126
2023,09-09,92
2023,09-10,94
2023,09-11,102
2023,09-12,109
2023,09-13,104
2023,09-14,117
2023,09-15,134
2023,09-16,79
2023,09-17,101
2023,09-18,84
2023,09-19,111
2023,09-20,100
2023,09-21,119
2023,09-22,121
2023,09-23,85
2023,09-24,93
2023,09-25,142
2023,09-26,117
2023,09-27,106
2023,09-28,99
2023,09-29,96
2023,09-30,109
2023,10-01,104
2023,10-02,93
2023,10-03,128
2023,10-04,115
2023,10-05,115
2023,10-06,119
2023,10-07,100
2023,10-08,94
2023,10-09,83
2023,10-10,116
2023,10-11,99
2023,10-12,93
2023,10-13,111
2023,10-14,90
2023,10-15,110
2023,10-16,90
2023,10-17,106
2023,10-18,114
2023,10-19,118
2023,10-20,108
2023,10-21,92
2023,10-22,95
2023,10-23,100
2023,10-24,98
2023,10-25,102
2023,10-26,120
2023,10-27,130
2023,10-28,131
2023,10-29,87
2023,10-30,107
2023,10-31,134
2023,11-01,107
2023,11-02,125
2023,11-03,119
2023,11-04,113
2023,11-05,86
2023,11-06,91
2023,11-07,103
2023,11-08,100
2023,11-09,112
2023,11-10,106
2023,11-11,113
2023,11-12,95
2023,11-13,101
2023,11-14,97
2023,11-15,118
2023,11-16,94
2023,11-17,96
2023,11-18,109
2023,11-19,85
2023,11-20,137
2023,11-21,107
2023,11-22,84
2023,11-23,60
2023,11-24,110
2023,11-25,112
2023,11-26,117
2023,11-27,118
2023,11-28,116
2023,11-29,101
2023,11-30,108
2023,12-01,146
2023,12-02,125
2023,12-03,92
2023,12-04,105
2023,12-05,112
2023,12-06,98
2023,12-07,116
2023,12-08,109
2023,12-09,91
2023,12-10,95
2023,12-11,108
2023,12-12,104
2023,12-13,102
2023,12-14,91
2023,12-15,125
2023,12-16,105
2023,12-17,107
2023,12-18,163
2023,12-19,108
2023,12-20,122
2023,12-21,101
2023,12-22,118
2023,12-23,94
2023,12-24,83
2023,12-25,52
2023,12-26,106
2023,12-27,95
2023,12-28,91
2023,12-29,99
2023,12-30,98
2023,12-31,90
2024,01-01,111
2024,01-02,74
2024,01-03,89
2024,01-04,96
2024,01-05,85
2024,01-06,102
2024,01-07,62
2024,01-08,77
2024,01-09,97
2024,01-10,108
2024,01-11,95
2024,01-12,94
2024,01-13,100
2024,01-14,89
2024,01-15,76
2024,01-16,80
2024,01-17,86
2024,01-18,91
2024,01-19,78
2024,01-20,89
2024,01-21,72
2024,01-22,97
2024,01-23,95
2024,01-24,92
2024,01-25,104
2024,01-26,123
2024,01-27,93
2024,01-28,97
2024,01-29,85
2024,01-30,83
2024,01-31,81
2024,02-01,111
2024,02-02,113
2024,02-03,95
2024,02-04,67
2024,02-05,29
2024,02-06,95
2024,02-07,102
2024,02-08,84
2024,02-09,99
2024,02-10,97
2024,02-11,75
2024,02-12,116
2024,02-13,79
2024,02-14,91
2024,02-15,101
2024,02-16,77
2024,02-17,94
2024,02-18,91
2024,02-19,98
2024,02-20,88
2024,02-21,105
2024,02-22,83
2024,02-23,105
2024,02-24,87
2024,02-25,69
2024,02-26,106
2024,02-27,83
2024,02-28,75
2024,02-29,88
2024,03-01,120
2024,03-02,85
2024,03-03,91
2024,03-04,63
2024,03-05,81
2024,03-06,82
2024,03-07,53
2024,03-08,2
2024,03-09,4
2024,03-10,5
2024,03-11,11
2024,03-12,11
2024,03-13,12
2024,03-14,47
2024,03-15,107
2024,03-16,90
2024,03-17,116
2024,03-18,115
2024,03-19,100
2024,03-20,91
2024,03-21,86
2024,03-22,107
2024,03-23,83
2024,03-24,86
2024,03-25,98
2024,03-26,84
2024,03-27,86
2024,03-28,96
2024,03-29,102
2024,03-30,107
2024,03-31,83
2024,04-01,100
2024,04-02,103
2024,04-03,95
2024,04-04,73
2024,04-05,110
2024,04-06,88
2024,04-07,72
2024,04-08,98
2024,04-09,85
2024,04-10,82
2024,04-11,92
2024,04-12,101
2024,04-13,113
2024,04-14,89
2024,04-15,93
2024,04-16,117
2024,04-17,103
2024,04-18,78
2024,04-19,86
2024,04-20,83
2024,04-21,84
2024,04-22,67
2024,04-23,99
2024,04-24,97
2024,04-25,105
2024,04-26,105
2024,04-27,93
2024,04-28,102
2024,04-29,91
2024,04-30,108
2024,05-01,93
2024,05-02,71
2024,05-03,3
